,,,初盘欧赔,,,即时赔率,,返还率,,即时凯利
球队,公司,胜,平,负,胜,平,负,值,胜,平,负
主:亚特兰大VS客:拉齐奥,竞彩官方,,未开售,
,Bet365,,未开售,
,竞彩官方, 1.86,3.10, 3.60,47.24%,28.35%,24.41%,87.87%,0.86,0.89,0.90
,威廉希尔, 1.85,3.60, 3.90,50.30%,25.85%,23.86%,93.05%,0.86,1.03,0.98
,澳门, 2.06,3.10, 3.30,43.69%,29.03%,27.27%,90.01%,0.95,0.89,0.83
,立博, 1.95,3.30, 4.00,48.11%,28.43%,23.46%,93.82%,0.90,0.95,1.00
,Bet365, 1.95,3.40, 4.00,48.52%,27.83%,23.65%,94.61%,0.90,0.97,1.00
主:皇家贝蒂斯VS客:赫塔费,竞彩官方,,未开售,
,Bet365,,未开售,
,竞彩官方, 1.77,3.05, 4.05,49.57%,28.77%,21.66%,87.74%,0.83,0.89,0.97
,威廉希尔, 1.73,3.60, 4.60,53.86%,25.88%,20.26%,93.18%,0.81,1.05,1.10
,澳门, 1.92,3.10, 3.85,47.21%,29.24%,23.55%,90.65%,0.90,0.91,0.92
,立博, 1.75,3.30, 5.00,53.18%,28.20%,18.61%,93.07%,0.82,0.97,1.19
,Bet365, 1.73,3.50, 5.00,54.34%,26.86%,18.80%,94.01%,0.81,1.03,1.19
主:本菲卡VS客:维森特,竞彩官方,,未开售,
,Bet365,,未开售,
,威廉希尔, 1.13,7.00, 15.00,80.86%,13.05%,6.09%,91.37%,0.93,0.83,0.88
,澳门, 1.13,6.90, 12.00,79.50%,13.02%,7.49%,89.83%,0.93,0.81,0.70
,立博, 1.17,7.00, 19.00,81.39%,13.60%,5.01%,95.22%,0.96,0.83,1.11
,Bet365, 1.18,7.00, 14.00,79.82%,13.45%,6.73%,94.18%,0.97,0.83,0.82
,Interwetten, 1.20,7.00, 14.00,79.55%,13.64%,6.82%,95.45%,0.99,0.83,0.82
主:国际米兰VS客:尤文图斯,竞彩官方,,未开售,
,Bet365,,未开售,
,竞彩官方, 1.55,3.35, 5.10,56.61%,26.19%,17.20%,87.74%,0.79,0.95,1.04
,威廉希尔, 1.80,3.50, 4.20,51.47%,26.47%,22.06%,92.65%,0.92,0.99,0.86
,澳门, 1.86,3.30, 3.85,48.86%,27.54%,23.60%,90.88%,0.95,0.94,0.79
,立博, 1.85,3.30, 4.40,50.48%,28.30%,21.22%,93.38%,0.95,0.94,0.90
,Bet365, 1.83,3.50, 4.50,51.83%,27.10%,21.08%,94.84%,0.94,0.99,0.92
主:里昂VS客:马赛,竞彩官方,,未开售,
,Bet365,,未开售,
,竞彩官方, 2.45,3.20, 2.39,35.83%,27.43%,36.73%,87.79%,0.85,0.92,0.87
,威廉希尔, 2.70,3.50, 2.40,34.53%,26.63%,38.84%,93.22%,0.94,1.01,0.87
,澳门, 2.45,3.47, 2.45,36.95%,26.09%,36.95%,90.54%,0.85,1.00,0.89
,立博, 2.75,3.30, 2.45,33.83%,28.19%,37.97%,93.04%,0.96,0.95,0.89
,Bet365, 2.75,3.40, 2.45,34.11%,27.59%,38.29%,93.82%,0.96,0.98,0.89
主:皇家马德里VS客:马德里竞技,竞彩官方,,未开售,
,Bet365,,未开售,
,竞彩官方, 1.60,3.75, 4.05,54.89%,23.42%,21.69%,87.83%,0.90,0.88,0.82
,威廉希尔, 1.65,4.00, 4.50,56.21%,23.19%,20.61%,92.74%,0.93,0.94,0.91
,澳门, 1.63,3.95, 4.10,55.24%,22.80%,21.96%,90.04%,0.92,0.92,0.83
,立博, 1.67,3.90, 4.75,56.19%,24.06%,19.75%,93.83%,0.94,0.91,0.96
,Bet365, 1.73,3.75, 4.50,54.18%,24.99%,20.83%,93.73%,0.98,0.88,0.91
主:布拉加VS客:摩雷伦斯,竞彩官方,,未开售,
,Bet365,,未开售,
,竞彩官方, 1.37,4.25, 5.75,64.08%,20.66%,15.27%,87.79%,0.88,0.90,0.84
,威廉希尔, 1.36,4.50, 7.00,66.82%,20.20%,12.98%,90.88%,0.87,0.95,1.02
,澳门, 1.47,4.20, 5.15,61.15%,21.40%,17.45%,89.88%,0.94,0.89,0.75
,立博, 1.53,4.20, 6.00,61.76%,22.50%,15.75%,94.49%,0.98,0.89,0.87
,Bet365, 1.50,4.20, 6.00,62.22%,22.22%,15.56%,93.33%,0.96,0.89,0.87
主:罗马VS客:卡利亚里,竞彩官方,,未开售,
,Bet365,,未开售,
,竞彩官方, 1.33,4.00, 7.25,65.97%,21.93%,12.10%,87.73%,0.87,0.85,0.95
,威廉希尔, 1.50,4.20, 6.50,62.98%,22.49%,14.53%,94.46%,0.99,0.89,0.85
,澳门, 1.41,4.15, 6.50,64.24%,21.83%,13.93%,90.58%,0.93,0.88,0.85
,立博, 1.44,4.00, 7.50,64.43%,23.20%,12.37%,92.78%,0.95,0.85,0.98
,Bet365, 1.50,4.00, 7.50,63.49%,23.81%,12.70%,95.24%,0.99,0.85,0.98
主:巴斯蒂亚VS客:阿雅克肖,竞彩官方,,未开售,
,Bet365,,未开售,
,竞彩官方, 2.21,2.62, 3.28,39.73%,33.51%,26.77%,87.79%,0.86,0.85,0.95
,威廉希尔, 2.45,3.10, 2.75,37.30%,29.48%,33.23%,91.38%,0.95,1.01,0.79
,澳门, 2.28,2.85, 2.98,38.98%,31.19%,29.83%,88.89%,0.88,0.92,0.86
,立博, 2.40,2.75, 3.00,37.41%,32.65%,29.93%,89.80%,0.93,0.89,0.87
,Bet365, 2.63,3.10, 2.70,35.43%,30.06%,34.51%,93.18%,1.02,1.01,0.78
主:布伦特福德VS客:曼彻斯特城,竞彩官方,,未开售,
,Bet365,,未开售,
,竞彩官方, 6.60,4.85, 1.28,13.30%,18.10%,68.59%,87.80%,0.84,0.91,0.88
,威廉希尔, 6.50,4.40, 1.44,14.30%,21.13%,64.57%,92.97%,0.82,0.83,0.99
,澳门, 6.50,4.90, 1.33,13.86%,18.39%,67.75%,90.11%,0.82,0.92,0.91
,立博, 6.00,4.25, 1.50,15.60%,22.02%,62.39%,93.58%,0.76,0.80,1.03
,Bet365, 8.00,4.20, 1.45,11.87%,22.62%,65.51%,94.99%,1.01,0.79,0.99
主:巴列卡诺VS客:塞维利亚,竞彩官方,,未开售,
,Bet365,,未开售,
,竞彩官方, 1.99,3.00, 3.30,44.12%,29.27%,26.61%,87.81%,0.89,0.87,0.88
,威廉希尔, 2.10,3.40, 3.25,44.17%,27.28%,28.54%,92.76%,0.93,0.98,0.87
,澳门, 2.10,3.10, 3.25,43.04%,29.15%,27.81%,90.38%,0.93,0.89,0.87
,立博, 2.20,3.20, 3.40,42.83%,29.45%,27.72%,94.24%,0.98,0.92,0.91
,Bet365, 2.20,3.30, 3.30,42.86%,28.57%,28.57%,94.29%,0.98,0.95,0.88
主:卡萨匹亚VS客:博阿维斯塔,竞彩官方,,未开售,
,Bet365,,未开售,
,竞彩官方, 2.08,3.15, 2.93,42.19%,27.86%,29.95%,87.76%,0.89,0.89,0.86
,威廉希尔, 2.20,3.25, 3.00,41.49%,28.09%,30.43%,91.28%,0.94,0.92,0.88
,澳门, 2.22,3.25, 2.83,40.53%,27.68%,31.79%,89.97%,0.95,0.92,0.83
,立博, 2.35,3.10, 3.10,39.74%,30.13%,30.13%,93.40%,1.00,0.87,0.91
,Bet365, 2.50,3.20, 2.80,37.40%,29.22%,33.39%,93.49%,1.07,0.90,0.82
主:约旦VS客:韩国,竞彩官方,,未开售,
,Bet365,,未开售,
,竞彩官方, 7.75,3.80, 1.34,11.33%,23.12%,65.55%,87.84%,1.11,0.91,0.83
,威廉希尔, 5.50,3.60, 1.53,16.33%,24.95%,58.71%,89.83%,0.79,0.86,0.95
,澳门, 5.80,3.68, 1.50,15.52%,24.46%,60.02%,90.02%,0.83,0.88,0.93
,立博, 6.50,3.70, 1.57,14.50%,25.47%,60.03%,94.25%,0.93,0.88,0.97
,Bet365, 5.00,3.60, 1.73,18.94%,26.31%,54.75%,94.71%,0.72,0.86,1.07
